Unique Content Angles — Topics ONLY We360.ai Can Own (Competitors Cannot),,,,,
These are content territories where we360.ai has a genuine competitive advantage — either from unique features or India-specific positioning no global competitor can replicate.,,,,,
,,,,,
  1. Agentic AI for Workforce Management,,,,,
"Why we360 can own this:
We360.ai has Agentic AI recommendations — no competitor (Hubstaff, Time Doctor, ActivTrak) has this. The entire 'AI-native monitoring' content space is unclaimed.",,,"Competitor gap:
Hubstaff: no AI recommendations. ActivTrak: basic AI coaching only. Time Doctor: no agentic AI. This topic is OURS to own.",,
Article Title,Target Keyword,Est. Monthly Volume,Keyword Difficulty,Format,When to Publish
Agentic AI in employee monitoring: the complete guide,agentic AI employee monitoring,300-600,Very Low,"2,500w pillar",Month 1 Week 1
How AI recommendations improve workforce productivity,AI workforce recommendations,300-600,Very Low,"1,500w cluster",Month 1 Week 1
AI vs traditional employee monitoring: what's the difference?,AI vs traditional monitoring,200-400,Very Low,"1,500w comparison",Month 1 Week 2
The future of workforce management: AI-driven insights 2026,future of workforce management AI,400-800,Low,"2,000w guide",Month 1 Week 2
How we360.ai's AI engine detects productivity risks,AI productivity risk detection,150-300,Very Low,"1,200w feature",Month 1 Week 3
,,,,,
  2. Cost Intelligence — ROI of Workforce Monitoring,,,,,
"Why we360 can own this:
No competitor has a 'Cost Intelligence' feature. CFOs and COOs care deeply about the ROI of monitoring tools. This content maps to an untapped buyer persona that nobody else is targeting.",,,"Competitor gap:
Hubstaff, Time Doctor focus on time tracking, not cost ROI. ActivTrak has some ROI content but no cost intelligence feature. This buyer angle is wide open.",,
Article Title,Target Keyword,Est. Monthly Volume,Keyword Difficulty,Format,When to Publish
How to calculate the real cost of unproductive employees,cost of unproductive employees,"500-1,000",Low,"2,500w data guide",Month 1 Week 3
Employee monitoring ROI: complete guide for CFOs,employee monitoring ROI,300-600,Low,"2,000w guide",Month 1 Week 4
Employee cost calculator (free tool),employee cost calculator,"600-1,200",Low,Free tool page,Month 2
Workforce cost optimisation strategies for Indian companies,workforce cost optimisation India,200-400,Very Low,"2,000w India guide",Month 2
How we360.ai's Cost Intelligence pays for itself,cost intelligence employee monitoring,150-300,Very Low,"1,500w feature guide",Month 2
,,,,,
  3. Technology Usage — SaaS Optimisation,,,,,
"Why we360 can own this:
We360.ai tracks which tools employees actually use. No competitor monetises this as 'technology ROI' content. Shadow IT, unused SaaS licenses, tool adoption analytics — all untapped.",,,"Competitor gap:
Teramind has some DLP/security content. Nobody has 'SaaS cost optimisation through monitoring' content. Zero competition on this angle.",,
Article Title,Target Keyword,Est. Monthly Volume,Keyword Difficulty,Format,When to Publish
Shadow IT in Indian companies: what your employees are actually using,shadow IT India,300-600,Low,"2,000w guide",Month 2
How to reduce SaaS costs by tracking tool usage,reduce SaaS costs employee monitoring,400-800,Low,"1,800w guide",Month 2
Technology adoption analytics: are employees using your tools?,technology adoption analytics HR,200-400,Low,"1,500w guide",Month 2
SaaS stack optimisation: the CFO's guide to software ROI,SaaS stack optimisation,"500-1,000",Low,"2,500w guide",Month 2
How to detect unused software with employee monitoring tools,unused software detection,200-400,Very Low,"1,500w guide",Month 3
,,,,,
  4. India Field Force GPS Tracking,,,,,
"Why we360 can own this:
India has massive field workforce sectors — FMCG, pharma, fintech, insurance, manufacturing. We360.ai has field GPS. No competitor (Hubstaff, Time Doctor etc.) has India-specific field force content.",,,"Competitor gap:
Hubstaff has GPS tracking globally but ZERO India-specific field force content. Time Champ has some India content but no deep field force cluster. BLUE OCEAN.",,
Article Title,Target Keyword,Est. Monthly Volume,Keyword Difficulty,Format,When to Publish
Field employee GPS tracking software India: complete guide,field employee GPS tracking India,"500-1,000",Low,"2,500w pillar",Week 1
How FMCG companies in India track field sales teams,FMCG field force tracking India,200-400,Very Low,"2,000w vertical",Month 1
GPS attendance for field staff: legal and practical guide India,GPS attendance field staff India,400-800,Low,"2,000w guide",Month 1
Field force management software India: top options compared,field force management software India,"500-1,000",Low,"2,000w comparison",Month 1
How to manage remote field employees across multiple cities,manage field employees multiple cities India,200-400,Very Low,"1,800w guide",Month 2
,,,,,
  5. Livestream Monitoring — Differentiation from Hubstaff,,,,,
"Why we360 can own this:
Hubstaff explicitly states they will NEVER offer live screen recording. We360.ai has it. This creates a powerful differentiation angle: ethics, compliance, and when to use live monitoring.",,,"Competitor gap:
Hubstaff refuses to offer livestream. Time Doctor has screen recordings but no ethical framework content. We360.ai can own the 'responsible live monitoring' narrative.",,
Article Title,Target Keyword,Est. Monthly Volume,Keyword Difficulty,Format,When to Publish
Live screen monitoring software: complete guide 2026,live screen monitoring software,"600-1,200",Low,"2,500w pillar",Week 2
When is live employee monitoring appropriate? Ethics guide,employee live monitoring ethics,300-600,Low,"2,000w guide",Month 1 Week 1
Livestream vs screenshot monitoring: which is right for your team?,livestream vs screenshot monitoring,200-400,Very Low,"1,500w comparison",Month 1 Week 2
Real-time monitoring for BPO and call centre teams India,real time monitoring BPO India,150-350,Very Low,"2,000w vertical",Month 1 Week 3
"Live monitoring compliance guide: Indian IT law, GDPR, PDPA",employee monitoring compliance India,300-600,Low,"2,500w compliance",Month 2
,,,,,
  6. Multi-Location Productivity (Indian Enterprise),,,,,
"Why we360 can own this:
We360.ai's Location Performance feature compares productivity across branches. Indian enterprises operate multiple city offices (Bangalore, Mumbai, Delhi, Pune). Zero content exists on this from any competitor.",,,"Competitor gap:
ActivTrak has some location analytics content but nothing India-specific. Nobody has 'compare Bangalore vs Mumbai office productivity' content. Completely untapped.",,
Article Title,Target Keyword,Est. Monthly Volume,Keyword Difficulty,Format,When to Publish
How to compare employee productivity across multiple office locations,compare productivity multiple offices,400-800,Low,"2,000w pillar",Month 2
Multi-city workforce analytics for Indian enterprises,multi city workforce analytics India,150-350,Very Low,"2,000w India guide",Month 2
Office vs WFH productivity in India: 2026 data and insights,office vs WFH productivity India,"800-1,500",Low,"2,500w data post",Month 2
Location performance analytics: what Indian HR leaders need to know,location performance analytics India,150-300,Very Low,"1,800w guide",Month 2-3
How to benchmark team performance across Indian office locations,benchmark team performance India offices,150-300,Very Low,"1,500w guide",Month 3