Feature × Topics Map — Every we360.ai Feature Mapped to Rankable Content Topics,,,,,,,,
Status: GREEN = we360 has strong content | AMBER = weak/partial | RED = completely missing | BLUE = unique angle only we360 can own,,,,,,,,
,,,,,,,,
Feature,Content Topic / Keyword,Monthly Vol,Keyword Difficulty,Competitor Who Ranks,We360 Status,We360 Current Position,Content Type Needed,Unique Angle?
  Agentic AI,,,,,,,,
Agentic AI,AI-powered employee monitoring software,"800-1,500",Medium,MISSING,Nobody (new topic),Not ranking,"Pillar guide 2,500w",YES - only we360 has this feature
Agentic AI,Agentic AI for workforce management,300-600,Low,MISSING,Nobody ranks well,Not ranking,Feature explainer,YES - coined by we360
Agentic AI,How AI improves employee productivity tracking,"500-1,000",Low,MISSING,Time Doctor (weak),Not ranking,How-to guide,YES - AI angle
Agentic AI,AI workforce analytics tools 2026,400-800,Low,MISSING,ActivTrak blog (weak),Not ranking,Listicle/guide,YES - AI-native position
Agentic AI,AI vs traditional employee monitoring,200-400,Low,MISSING,Nobody,Not ranking,Thought leadership,YES - differentiation
,,,,,,,,
  Screen Recording,,,,,,,,
Screen Recording,Employee screen monitoring software,"1,000-2,500",Medium,MISSING,"Teramind #1, Insightful #2",Not ranking,"Pillar guide 2,000w",NO - but we have the feature
Screen Recording,Screen recording software for remote teams,400-800,Low,MISSING,"Teramind, ActivTrak",Not ranking,Feature guide,NO
Screen Recording,How does employee screen recording work?,"500-1,000",Low,MISSING,Insightful (weak),Not ranking,Explainer guide,NO
Screen Recording,Is screen recording employees legal India?,300-600,Very Low,MISSING,Nobody India-specific,Not ranking,Legal guide,YES - India specific
Screen Recording,Screenshot vs screen recording: which is better?,200-400,Low,MISSING,Nobody,Not ranking,Comparison post,NO
,,,,,,,,
  Livestream,,,,,,,,
Livestream,Live screen monitoring software,"600-1,200",Low,MISSING,Teramind only,Not ranking,Feature landing page,YES - Hubstaff refuses to offer this
Livestream,Real-time employee monitoring guide,400-800,Medium,MISSING,Hubstaff (no livestream),Not ranking,How-to guide,YES - differentiator
Livestream,Livestream vs screenshot monitoring,200-400,Low,MISSING,Nobody,Not ranking,Comparison post,YES - unique comparison
Livestream,Live monitoring ethics guide for managers,150-350,Low,MISSING,Nobody,Not ranking,Ethics guide,YES - builds trust
Livestream,Real-time BPO team monitoring India,150-350,Very Low,MISSING,Nobody,Not ranking,Industry landing page,YES - India BPO
,,,,,,,,
  Apps & URL Tracking,,,,,,,,
Apps & URL Tracking,How to track employee internet usage,"1,500-3,000",Low,MISSING,"Hubstaff #1, Time Doctor #2",Not ranking,"How-to guide 2,000w",NO
Apps & URL Tracking,Website monitoring for employees,"1,000-2,000",Medium,MISSING,"Hubstaff, Teramind",Not ranking,Feature guide,NO
Apps & URL Tracking,Application usage tracking software,"800-1,500",Medium,MISSING,ActivTrak #1,Not ranking,Feature pillar,NO
Apps & URL Tracking,Most unproductive websites for employees,"600-1,200",Low,MISSING,Hubstaff (data post),Not ranking,Data/stats post,NO
Apps & URL Tracking,How to monitor social media use at work,"500-1,000",Low,MISSING,Multiple competitors,Not ranking,How-to guide,NO
Apps & URL Tracking,Block employee access to social media,"500-1,000",Low,WEAK,Multiple weak,Not in top 20,How-to update,NO
,,,,,,,,
  Domain Blocking,,,,,,,,
Domain Blocking,How to block distracting websites at work,"1,000-2,000",Low,MISSING,Nobody strong,Not ranking,"How-to guide 1,500w",NO
Domain Blocking,Website blocking software for employees,"600-1,200",Low,MISSING,"Teramind, CurrentWare",Not ranking,Feature landing page,NO
Domain Blocking,Internet filtering software for businesses India,300-600,Very Low,MISSING,Nobody India,Not ranking,India landing page,YES - India specific
Domain Blocking,How to stop employees wasting time online,"800-1,500",Low,MISSING,Hubstaff (weak),Not ranking,"Guide 1,500w",NO
Domain Blocking,Domain blocking vs productivity tracking,200-400,Low,MISSING,Nobody,Not ranking,Comparison post,NO
,,,,,,,,
  Attendance,,,,,,,,
Attendance,Attendance tracking software India,"2,000-4,000",Medium,WEAK,"Time Champ, EmpMonitor",Pos ~33 (56K impr),"Full rewrite 3,000w",YES - India focus
Attendance,Automated attendance management system,"800-1,500",Medium,MISSING,"Hubstaff, DeskTime",Not ranking,Feature guide,NO
Attendance,How to track employee attendance remotely,"1,000-2,000",Low,MISSING,Multiple competitors,Not ranking,How-to guide,NO
Attendance,Biometric vs software attendance tracking,"500-1,000",Low,MISSING,Nobody strong,Not ranking,Comparison guide,YES - India context
Attendance,Leave management software India,"800-1,500",Medium,MISSING,Time Champ (weak),Not ranking,India landing page,YES - India
Attendance,Employee attendance policy template (free),"1,000-2,000",Low,MISSING,"Hubstaff, DeskTime",Not ranking,Template + guide,NO
Attendance,WFH attendance tracking guide,"600-1,200",Low,MISSING,"Hubstaff, Time Doctor",Not ranking,How-to guide,NO
,,,,,,,,
  Activity Monitoring,,,,,,,,
Activity Monitoring,Employee activity monitoring software,"1,500-3,000",Medium,MISSING,"ActivTrak #1, Teramind #2",Not ranking,"Pillar guide 2,500w",NO
Activity Monitoring,What is employee activity monitoring?,"600-1,200",Low,MISSING,Multiple (thin),Not ranking,Definition + guide,NO
Activity Monitoring,Keyboard and mouse tracking software,300-600,Low,MISSING,"Teramind, DeskTime",Not ranking,Feature guide,NO
Activity Monitoring,Idle time tracking for remote employees,400-800,Low,MISSING,Hubstaff (weak),Not ranking,How-to guide,NO
Activity Monitoring,Activity monitoring vs productivity monitoring,200-400,Low,MISSING,Nobody,Not ranking,Comparison post,NO
,,,,,,,,
  Productivity,,,,,,,,
Productivity,Employee productivity tracking software,"3,000-5,000",High,MISSING,"Hubstaff #1, Time Doctor #2",Not ranking,"Pillar page 3,500w",NO
Productivity,How to track employee productivity,"4,000-7,000",High,MISSING,Multiple top 3,Not ranking,Comprehensive guide,NO
Productivity,Productive vs unproductive time tracking,"600-1,200",Low,MISSING,ActivTrak (weak),Not ranking,Feature guide,NO
Productivity,Employee productivity benchmarks India,300-600,Very Low,MISSING,Nobody India-specific,Not ranking,Data post,YES - India data
Productivity,Productivity tracking for hybrid teams,"800-1,500",Medium,MISSING,"ActivTrak, Insightful",Not ranking,"Guide 2,000w",NO
Productivity,How to improve team productivity guide,"3,000-5,000",High,WEAK,"Hubstaff, Time Doctor",Poor position,Full rewrite,NO
,,,,,,,,
  Cost Intelligence,,,,,,,,
Cost Intelligence,How to calculate employee productivity ROI,"600-1,200",Low,MISSING,Nobody,Not ranking,How-to guide,YES - unique feature
Cost Intelligence,Cost of unproductive employees (data guide),"500-1,000",Low,MISSING,Hubstaff (old post),Not ranking,Data post with stats,YES - Cost Intel angle
Cost Intelligence,Employee cost calculator (free tool),"600-1,200",Low,MISSING,Hubstaff,Not ranking,Free tool page,YES - maps to feature
Cost Intelligence,Workforce cost optimisation strategies India,200-400,Very Low,MISSING,Nobody,Not ranking,Guide + India data,YES - India + CFO angle
Cost Intelligence,ROI of employee monitoring software,300-600,Low,MISSING,Nobody good,Not ranking,ROI guide,YES - differentiation
Cost Intelligence,Measuring employee productivity costs,200-400,Low,MISSING,Nobody,Not ranking,Thought leadership,YES - unique angle
,,,,,,,,
  Technology Usage,,,,,,,,
Technology Usage,Software utilisation tracking for teams,300-600,Low,MISSING,Nobody,Not ranking,Feature guide,YES - no competitor has this
Technology Usage,How to reduce unused software subscriptions,400-800,Low,MISSING,Nobody monitoring-focused,Not ranking,How-to guide,YES - unique to we360
Technology Usage,Shadow IT detection in the workplace India,300-600,Low,MISSING,Nobody India-specific,Not ranking,India guide,YES - India + security
Technology Usage,SaaS stack optimisation: cut software costs,"500-1,000",Low,MISSING,Nobody monitoring-focused,Not ranking,CFO-targeted guide,YES - CFO persona
Technology Usage,Are employees using the tools you pay for?,200-400,Low,MISSING,Nobody,Not ranking,Thought leadership,YES - unique angle
,,,,,,,,
  Location Performance,,,,,,,,
Location Performance,Multi-location workforce management software,400-800,Low,MISSING,Nobody strong,Not ranking,Feature landing page,YES - unique feature
Location Performance,How to compare productivity across office branches,200-400,Very Low,MISSING,Nobody,Not ranking,How-to guide,YES - unique angle
Location Performance,Office vs WFH productivity comparison (data),"800-1,500",Low,MISSING,Hubstaff (data),Not ranking,Data post,YES - India data
Location Performance,Multi-city workforce analytics India,150-350,Very Low,MISSING,Nobody,Not ranking,India feature guide,YES - India enterprise
Location Performance,Hybrid work location analytics guide,300-600,Low,MISSING,ActivTrak (weak),Not ranking,"Guide 2,000w",NO
,,,,,,,,
  Location Tracking (Field),,,,,,,,
Location Tracking (Field),Field employee GPS tracking software India,"500-1,000",Low,MISSING,Nobody India,Not ranking,India landing page,YES - India field force
Location Tracking (Field),Field force monitoring software,"600-1,200",Low,MISSING,Generic tools only,Not ranking,Feature pillar,YES - India context
Location Tracking (Field),How to track field employees in real time,400-800,Low,MISSING,Generic tools,Not ranking,How-to guide,YES - India field
Location Tracking (Field),GPS attendance for field staff India,400-800,Low,MISSING,Nobody specific,Not ranking,India guide,YES - India
Location Tracking (Field),Field workforce management app India,"500-1,000",Low,MISSING,Nobody strong,Not ranking,India landing page,YES - India FMCG
,,,,,,,,
  Projects & Task Management,,,,,,,,
Projects & Task Management,Project management + time tracking software,"2,000-4,000",High,MISSING,"Hubstaff #1, Asana",Not ranking,"Category guide 2,000w",NO
Projects & Task Management,Task tracking for remote teams,"1,000-2,000",Medium,MISSING,"Hubstaff, Monday (weak)",Not ranking,How-to guide,NO
Projects & Task Management,Project productivity analytics,400-800,Low,MISSING,ActivTrak (weak),Not ranking,Feature guide,NO
Projects & Task Management,How to track project hours for billing India,300-600,Low,MISSING,Nobody India,Not ranking,India billing guide,YES - India billing
Projects & Task Management,Employee task management software comparison,"600-1,200",Medium,MISSING,Multiple (listicles),Not ranking,Comparison guide,NO