Keyword Gap Analysis — Keywords Competitors Rank For That We360.ai Doesn't,,,,,,
,,,,,,
"HIGH-PRIORITY KEYWORDS — COMPETITORS RANKING, WE360.AI NOT IN TOP 50",,,,,,
Keyword,Est. Monthly Volume,Difficulty,Who Ranks (top 3),We360.ai Position,Revenue Potential,Recommended Action
employee monitoring software,"8,000-12,000",High,"Hubstaff #1, ActivTrak #2, Time Doctor #3",Not in top 50,Very High,Rewrite homepage + main landing page to target this
remote employee monitoring software,"2,000-4,000",Medium,"Hubstaff #1, Teramind #2, ActivTrak #3",Not in top 50,Very High,"Create dedicated feature page with 3,000+ words"
employee productivity tracking,"3,000-5,000",Medium,"Time Doctor #1, ActivTrak #2, Insightful #3",Not in top 50,High,Publish comprehensive guide targeting this keyword
best employee monitoring software,"4,000-7,000",High,"Hubstaff #1, Time Doctor #2, ActivTrak #3",Not in top 50,Very High,Publish 'Best Employee Monitoring Software 2026' listicle
how to monitor remote employees,"1,500-3,000",Low,"Hubstaff #1, Time Doctor #2, DeskTime #3",Not in top 50,High,"QUICK WIN — write 2,000+ word guide this week"
time tracking software for employees,"5,000-8,000",High,"Hubstaff #1, DeskTime #2, Time Doctor #3",Not in top 50,High,Create time tracking landing page
workforce analytics tools,"1,000-2,000",Medium,"ActivTrak #1, Insightful #2, Time Doctor #3",Not in top 50,High,Publish workforce analytics comparison guide
employee monitoring software India,"500-1,500",Low,"EmpMonitor #1, DeskTrack #2, Time Champ #3",Not in top 50,Very High,CREATE THIS — it's your home market
work from home monitoring software,"2,000-4,000",Low,"Hubstaff #1, Time Doctor #2, ActivTrak #3",Not in top 50,High,"QUICK WIN — expand existing blog post, add schema"
screen monitoring software employees,"1,000-2,500",Low,"Teramind #1, ActivTrak #2, Monitask #3",Not in top 50,High,Create dedicated screen monitoring feature page
Hubstaff alternative,"800-1,500",Low,"Teramind #1, ActivTrak #2, Time Doctor #3",Not in top 50,Very High,Create 'Hubstaff alternative' comparison page NOW
Time Doctor alternative,"600-1,200",Low,"Hubstaff #1, ActivTrak #2, Insightful #3",Not in top 50,High,Create 'Time Doctor alternative' comparison page
ActivTrak alternative,400-800,Low,"Teramind #1, Insightful #2, DeskTime #3",Not in top 50,High,Create 'ActivTrak alternative' comparison page
employee attendance tracking software,"2,000-4,000",Medium,"Hubstaff #1, Time Doctor #2, DeskTime #3",Pos ~34,High,We have this page! Push from pos 34 to top 10 with content+backlinks
employee productivity software,"3,000-5,000",High,"ActivTrak #1, Hubstaff #2, Time Doctor #3",Not in top 50,Very High,Create dedicated product/category page
remote team productivity tools,"1,000-2,000",Low,"Hubstaff #1, Time Doctor #2, Flowace #3",Not in top 50,High,India angle: 'remote team tools for Indian companies'
productivity monitoring software,"1,000-2,500",Medium,"ActivTrak #1, Insightful #2, Teramind #3",Not in top 50,High,Create dedicated product landing page
WFH tracking software India,300-800,Low,"Time Champ #1, EmpMonitor #2, DeskTrack #3",Not in top 50,High,Critical India keyword — no competition from global players
employee monitoring software for Mac,"500-1,000",Low,"Hubstaff #1, ActivTrak #2, DeskTime #3",Not in top 50,Medium,Create Mac-specific feature/landing page
employee monitoring software free,"2,000-4,000",Medium,"Hubstaff #1, ActivTrak #2, Time Doctor #3",Not in top 50,High,Create free trial landing page targeting this keyword